Workbook
Name ActivityTable: Settings!$A$10:$B$21
Name ActivityList: Settings!$A$10:$A$21

Sheet Instructions
A1: Activity & Weight Tracker
A3: 1. Set up once
A4: • Settings sheet: enter your height, target weight and weekly activity goal (yellow cells).
A5: • Import the macros: press Alt+F11, then File > Import File... and choose TrackerMacros.bas. Close the editor.
A6: • File > Save As > 'Excel Macro-Enabled Workbook (*.xlsm)'. Reopen it and click 'Enable Content' if asked.
A7: • Press Alt+F8, run 'SetupButtons': two buttons appear on the Dashboard.
A9: 2. Every day
A10: • Dashboard > '+ Add activity': date, activity, duration, distance (optional), notes.
A11: • Dashboard > '+ Add weight': date and weight. If a weight already exists for that date, you can replace it.
A12: • The macros sort the rows by date automatically.
A13: • Without macros you can also type directly in the yellow columns of the Activities and Weight sheets.
A15: 3. What is calculated
... A23: The first row of Activities and Weight is an example: overwrite or delete it.

Sheet Dashboard
A1: Activity & Weight Dashboard
A2: ="Updated: "&TEXT(TODAY(),"dd/mm/yyyy")
A4: Weight | D4: Activity | H4: Buttons appear here after running the SetupButtons macro (see Instructions).
A5: Current weight (kg) | B5: =IFERROR(INDEX(Weight!$B$2:$B$1000,MATCH(MAX(Weight!$A$2:$A$1000),Weight!$A$2:$A$1000,0)),"-") | D5: Minutes this week | E5: =SUMIFS(Activities!$C$2:$C$1000,Activities!$A$2:$A$1000,">="&TODAY()-WEEKDAY(TODAY(),2)+1,Activities!$A$2:$A$1000,"<="&TODAY())
A6: Starting weight (kg) | B6: =IFERROR(INDEX(Weight!$B$2:$B$1000,MATCH(_xlfn.MINIFS(Weight!$A$2:$A$1000,Weight!$A$2:$A$1000,">0"),Weight!$A$2:$A$1000,0)),"-") | D6: Weekly goal (min) | E6: =Settings!$B$5
A7: Change since start (kg) | B7: =IFERROR(B5-B6,"-") | D7: % of weekly goal | E7: =IFERROR(E5/E6,0)
A8: Target weight (kg) | B8: =Settings!$B$4 | D8: Sessions - last 30 days | E8: =COUNTIFS(Activities!$A$2:$A$1000,">"&TODAY()-30,Activities!$A$2:$A$1000,"<="&TODAY())
A9: Still to go (kg) | B9: =IFERROR(B5-B8,"-") | D9: Minutes - last 30 days | E9: =SUMIFS(Activities!$C$2:$C$1000,Activities!$A$2:$A$1000,">"&TODAY()-30,Activities!$A$2:$A$1000,"<="&TODAY())
A10: BMI | B10: =IFERROR(B5/Settings!$B$3^2,"-") | D10: Km - last 30 days | E10: =SUMIFS(Activities!$D$2:$D$1000,Activities!$A$2:$A$1000,">"&TODAY()-30,Activities!$A$2:$A$1000,"<="&TODAY())
A11: Last weigh-in | B11: =IF(COUNT(Weight!$A$2:$A$1000)=0,"-",MAX(Weight!$A$2:$A$1000)) | D11: Kcal - last 30 days | E11: =SUMIFS(Activities!$J$2:$J$1000,Activities!$A$2:$A$1000,">"&TODAY()-30,Activities!$A$2:$A$1000,"<="&TODAY())
A13: Totals per activity (all time)
A14: Activity | B14: Sessions | C14: Minutes | D14: Km | E14: Kcal (est.)
A15: =Settings!$A$10 | B15: =IF(A15="",0,COUNTIFS(Activities!$B$2:$B$1000,A15)) | C15: =IF(A15="",0,SUMIFS(Activities!$C$2:$C$1000,Activities!$B$2:$B$1000,A15)) | D15: =IF(A15="",0,SUMIFS(Activities!$D$2:$D$1000,Activities!$B$2:$B$1000,A15)) | E15: =IF(A15="",0,SUMIFS(Activities!$J$2:$J$1000,Activities!$B$2:$B$1000,A15))
A16: =Settings!$A$11 | B16: =IF(A16="",0,COUNTIFS(Activities!$B$2:$B$1000,A16)) | C16: =IF(A16="",0,SUMIFS(Activities!$C$2:$C$1000,Activities!$B$2:$B$1000,A16)) | D16: =IF(A16="",0,SUMIFS(Activities!$D$2:$D$1000,Activities!$B$2:$B$1000,A16)) | E16: =IF(A16="",0,SUMIFS(Activities!$J$2:$J$1000,Activities!$B$2:$B$1000,A16))
A17: =Settings!$A$12 | B17: =IF(A17="",0,COUNTIFS(Activities!$B$2:$B$1000,A17)) | C17: =IF(A17="",0,SUMIFS(Activities!$C$2:$C$1000,Activities!$B$2:$B$1000,A17)) | D17: =IF(A17="",0,SUMIFS(Activities!$D$2:$D$1000,Activities!$B$2:$B$1000,A17)) | E17: =IF(A17="",0,SUMIFS(Activities!$J$2:$J$1000,Activities!$B$2:$B$1000,A17))
A18: =Settings!$A$13 | B18: =IF(A18="",0,COUNTIFS(Activities!$B$2:$B$1000,A18)) | C18: =IF(A18="",0,SUMIFS(Activities!$C$2:$C$1000,Activities!$B$2:$B$1000,A18)) | D18: =IF(A18="",0,SUMIFS(Activities!$D$2:$D$1000,Activities!$B$2:$B$1000,A18)) | E18: =IF(A18="",0,SUMIFS(Activities!$J$2:$J$1000,Activities!$B$2:$B$1000,A18))
A19: =Settings!$A$14 | B19: =IF(A19="",0,COUNTIFS(Activities!$B$2:$B$1000,A19)) | C19: =IF(A19="",0,SUMIFS(Activities!$C$2:$C$1000,Activities!$B$2:$B$1000,A19)) | D19: =IF(A19="",0,SUMIFS(Activities!$D$2:$D$1000,Activities!$B$2:$B$1000,A19)) | E19: =IF(A19="",0,SUMIFS(Activities!$J$2:$J$1000,Activities!$B$2:$B$1000,A19))
A20: =Settings!$A$15 | B20: =IF(A20="",0,COUNTIFS(Activities!$B$2:$B$1000,A20)) | C20: =IF(A20="",0,SUMIFS(Activities!$C$2:$C$1000,Activities!$B$2:$B$1000,A20)) | D20: =IF(A20="",0,SUMIFS(Activities!$D$2:$D$1000,Activities!$B$2:$B$1000,A20)) | E20: =IF(A20="",0,SUMIFS(Activities!$J$2:$J$1000,Activities!$B$2:$B$1000,A20))
A21: =Settings!$A$16 | B21: =IF(A21="",0,COUNTIFS(Activities!$B$2:$B$1000,A21)) | C21: =IF(A21="",0,SUMIFS(Activities!$C$2:$C$1000,Activities!$B$2:$B$1000,A21)) | D21: =IF(A21="",0,SUMIFS(Activities!$D$2:$D$1000,Activities!$B$2:$B$1000,A21)) | E21: =IF(A21="",0,SUMIFS(Activities!$J$2:$J$1000,Activities!$B$2:$B$1000,A21))
A22: =Settings!$A$17 | B22: =IF(A22="",0,COUNTIFS(Activities!$B$2:$B$1000,A22)) | C22: =IF(A22="",0,SUMIFS(Activities!$C$2:$C$1000,Activities!$B$2:$B$1000,A22)) | D22: =IF(A22="",0,SUMIFS(Activities!$D$2:$D$1000,Activities!$B$2:$B$1000,A22)) | E22: =IF(A22="",0,SUMIFS(Activities!$J$2:$J$1000,Activities!$B$2:$B$1000,A22))
A23: =Settings!$A$18 | B23: =IF(A23="",0,COUNTIFS(Activities!$B$2:$B$1000,A23)) | C23: =IF(A23="",0,SUMIFS(Activities!$C$2:$C$1000,Activities!$B$2:$B$1000,A23)) | D23: =IF(A23="",0,SUMIFS(Activities!$D$2:$D$1000,Activities!$B$2:$B$1000,A23)) | E23: =IF(A23="",0,SUMIFS(Activities!$J$2:$J$1000,Activities!$B$2:$B$1000,A23))
A24: =Settings!$A$19 | B24: =IF(A24="",0,COUNTIFS(Activities!$B$2:$B$1000,A24)) | C24: =IF(A24="",0,SUMIFS(Activities!$C$2:$C$1000,Activities!$B$2:$B$1000,A24)) | D24: =IF(A24="",0,SUMIFS(Activities!$D$2:$D$1000,Activities!$B$2:$B$1000,A24)) | E24: =IF(A24="",0,SUMIFS(Activities!$J$2:$J$1000,Activities!$B$2:$B$1000,A24))
A25: =Settings!$A$20 | B25: =IF(A25="",0,COUNTIFS(Activities!$B$2:$B$1000,A25)) | C25: =IF(A25="",0,SUMIFS(Activities!$C$2:$C$1000,Activities!$B$2:$B$1000,A25)) | D25: =IF(A25="",0,SUMIFS(Activities!$D$2:$D$1000,Activities!$B$2:$B$1000,A25)) | E25: =IF(A25="",0,SUMIFS(Activities!$J$2:$J$1000,Activities!$B$2:$B$1000,A25))
A26: =Settings!$A$21 | B26: =IF(A26="",0,COUNTIFS(Activities!$B$2:$B$1000,A26)) | C26: =IF(A26="",0,SUMIFS(Activities!$C$2:$C$1000,Activities!$B$2:$B$1000,A26)) | D26: =IF(A26="",0,SUMIFS(Activities!$D$2:$D$1000,Activities!$B$2:$B$1000,A26)) | E26: =IF(A26="",0,SUMIFS(Activities!$J$2:$J$1000,Activities!$B$2:$B$1000,A26))
A27: Total | B27: =SUM(B15:B26) | C27: =SUM(C15:C26) | D27: =SUM(D15:D26) | E27: =SUM(E15:E26)

Sheet Settings
A1: Settings
A3: Height (m) | B3: 1.75 | C3: Your height in metres - used for BMI. Example value: replace it.
A4: Target weight (kg) | B4: 72 | C4: Your goal weight.
A5: Weekly activity goal (min) | B5: 150 | C5: WHO recommends at least 150 min of moderate activity per week.
A6: Default weight (kg) | B6: 75 | C6: Used for calories only until you record a first weight.
A9: Activity | B9: MET | C9: Source / note
A10: Walking | B10: 3.5 | C10: MET values: Compendium of Physical Activities (Ainsworth et al., 2011). You can rename activities or change MET values.
A11: Brisk walking | B11: 4.3
A12: Running | B12: 9.8
A13: Cycling | B13: 7.5
A14: Swimming | B14: 6
A15: Hiking | B15: 6
A16: Strength training | B16: 5
A17: Yoga | B17: 2.5
A18: Football | B18: 7
A19: Tennis | B19: 7.3
A20: Dancing | B20: 5
A21: Other | B21: 4

Sheet Weight
A1: Date | B1: Weight (kg) | C1: Change vs previous (kg) | D1: BMI | E1: Moving average (7 entries) | F1: To target (kg)
A2: 46296 | B2: 75 | C2: ="" | D2: =IF(B2="","",B2/Settings!$B$3^2) | E2: =IF(B2="","",AVERAGE(B2:B2)) | F2: =IF(B2="","",B2-Settings!$B$4)
C3: =IF(OR(B3="",B2=""),"",B3-B2) | D3: =IF(B3="","",B3/Settings!$B$3^2) | E3: =IF(B3="","",AVERAGE(B2:B3)) | F3: =IF(B3="","",B3-Settings!$B$4)
C4: =IF(OR(B4="",B3=""),"",B4-B3) | D4: =IF(B4="","",B4/Settings!$B$3^2) | E4: =IF(B4="","",AVERAGE(B2:B4)) | F4: =IF(B4="","",B4-Settings!$B$4)
C5: =IF(OR(B5="",B4=""),"",B5-B4) | D5: =IF(B5="","",B5/Settings!$B$3^2) | E5: =IF(B5="","",AVERAGE(B2:B5)) | F5: =IF(B5="","",B5-Settings!$B$4)
C6: =IF(OR(B6="",B5=""),"",B6-B5) | D6: =IF(B6="","",B6/Settings!$B$3^2) | E6: =IF(B6="","",AVERAGE(B2:B6)) | F6: =IF(B6="","",B6-Settings!$B$4)
C7: =IF(OR(B7="",B6=""),"",B7-B6) | D7: =IF(B7="","",B7/Settings!$B$3^2) | E7: =IF(B7="","",AVERAGE(B2:B7)) | F7: =IF(B7="","",B7-Settings!$B$4)
C8: =IF(OR(B8="",B7=""),"",B8-B7) | D8: =IF(B8="","",B8/Settings!$B$3^2) | E8: =IF(B8="","",AVERAGE(B2:B8)) | F8: =IF(B8="","",B8-Settings!$B$4)
C9: =IF(OR(B9="",B8=""),"",B9-B8) | D9: =IF(B9="","",B9/Settings!$B$3^2) | E9: =IF(B9="","",AVERAGE(B3:B9)) | F9: =IF(B9="","",B9-Settings!$B$4)
C10: =IF(OR(B10="",B9=""),"",B10-B9) | D10: =IF(B10="","",B10/Settings!$B$3^2) | E10: =IF(B10="","",AVERAGE(B4:B10)) | F10: =IF(B10="","",B10-Settings!$B$4)
C11: =IF(OR(B11="",B10=""),"",B11-B10) | D11: =IF(B11="","",B11/Settings!$B$3^2) | E11: =IF(B11="","",AVERAGE(B5:B11)) | F11: =IF(B11="","",B11-Settings!$B$4)
C12: =IF(OR(B12="",B11=""),"",B12-B11) | D12: =IF(B12="","",B12/Settings!$B$3^2) | E12: =IF(B12="","",AVERAGE(B6:B12)) | F12: =IF(B12="","",B12-Settings!$B$4)
C13: =IF(OR(B13="",B12=""),"",B13-B12) | D13: =IF(B13="","",B13/Settings!$B$3^2) | E13: =IF(B13="","",AVERAGE(B7:B13)) | F13: =IF(B13="","",B13-Settings!$B$4)
C14: =IF(OR(B14="",B13=""),"",B14-B13) | D14: =IF(B14="","",B14/Settings!$B$3^2) | E14: =IF(B14="","",AVERAGE(B8:B14)) | F14: =IF(B14="","",B14-Settings!$B$4)
C15: =IF(OR(B15="",B14=""),"",B15-B14) | D15: =IF(B15="","",B15/Settings!$B$3^2) | E15: =IF(B15="","",AVERAGE(B9:B15)) | F15: =IF(B15="","",B15-Settings!$B$4)
C16: =IF(OR(B16="",B15=""),"",B16-B15) | D16: =IF(B16="","",B16/Settings!$B$3^2) | E16: =IF(B16="","",AVERAGE(B10:B16)) | F16: =IF(B16="","",B16-Settings!$B$4)
C17: =IF(OR(B17="",B16=""),"",B17-B16) | D17: =IF(B17="","",B17/Settings!$B$3^2) | E17: =IF(B17="","",AVERAGE(B11:B17)) | F17: =IF(B17="","",B17-Settings!$B$4)
C18: =IF(OR(B18="",B17=""),"",B18-B17) | D18: =IF(B18="","",B18/Settings!$B$3^2) | E18: =IF(B18="","",AVERAGE(B12:B18)) | F18: =IF(B18="","",B18-Settings!$B$4)
C19: =IF(OR(B19="",B18=""),"",B19-B18) | D19: =IF(B19="","",B19/Settings!$B$3^2) | E19: =IF(B19="","",AVERAGE(B13:B19)) | F19: =IF(B19="","",B19-Settings!$B$4)
... C1000: =IF(OR(B1000="",B999=""),"",B1000-B999) | D1000: =IF(B1000="","",B1000/Settings!$B$3^2) | E1000: =IF(B1000="","",AVERAGE(B994:B1000)) | F1000: =IF(B1000="","",B1000-Settings!$B$4)

Sheet Activities
A1: Date | B1: Activity | C1: Duration (min) | D1: Distance (km) | E1: Notes | F1: Week | G1: Pace (min/km) | H1: Weight used (kg) | I1: MET | J1: Calories (kcal, est.)
A2: 46296 | B2: Running | C2: 40 | D2: 7.2 | E2: Example row - overwrite or delete | F2: =IF(A2="","",WEEKNUM(A2,21)) | G2: =IF(OR(C2="",N(D2)=0),"",C2/D2) | H2: =IF(A2="","",IFERROR(INDEX(Weight!$B$2:$B$1000,MATCH(IF(_xlfn.MAXIFS(Weight!$A$2:$A$1000,Weight!$A$2:$A$1000,"<="&A2)>0,_xlfn.MAXIFS(Weight!$A$2:$A$1000,Weight!$A$2:$A$1000,"<="&A2),_xlfn.MINIFS(Weight!$A$2:$A$1000,Weight!$A$2:$A$1000,">0")),Weight!$A$2:$A$1000,0)),Settings!$B$6)) | I2: =IF(B2="","",IFERROR(INDEX(Settings!$B$10:$B$21,MATCH(B2,Settings!$A$10:$A$21,0)),4)) | J2: =IF(OR(A2="",C2="",I2=""),"",I2*H2*C2/60)
F3: =IF(A3="","",WEEKNUM(A3,21)) | G3: =IF(OR(C3="",N(D3)=0),"",C3/D3) | H3: =IF(A3="","",IFERROR(INDEX(Weight!$B$2:$B$1000,MATCH(IF(_xlfn.MAXIFS(Weight!$A$2:$A$1000,Weight!$A$2:$A$1000,"<="&A3)>0,_xlfn.MAXIFS(Weight!$A$2:$A$1000,Weight!$A$2:$A$1000,"<="&A3),_xlfn.MINIFS(Weight!$A$2:$A$1000,Weight!$A$2:$A$1000,">0")),Weight!$A$2:$A$1000,0)),Settings!$B$6)) | I3: =IF(B3="","",IFERROR(INDEX(Settings!$B$10:$B$21,MATCH(B3,Settings!$A$10:$A$21,0)),4)) | J3: =IF(OR(A3="",C3="",I3=""),"",I3*H3*C3/60)
F4: =IF(A4="","",WEEKNUM(A4,21)) | G4: =IF(OR(C4="",N(D4)=0),"",C4/D4) | H4: =IF(A4="","",IFERROR(INDEX(Weight!$B$2:$B$1000,MATCH(IF(_xlfn.MAXIFS(Weight!$A$2:$A$1000,Weight!$A$2:$A$1000,"<="&A4)>0,_xlfn.MAXIFS(Weight!$A$2:$A$1000,Weight!$A$2:$A$1000,"<="&A4),_xlfn.MINIFS(Weight!$A$2:$A$1000,Weight!$A$2:$A$1000,">0")),Weight!$A$2:$A$1000,0)),Settings!$B$6)) | I4: =IF(B4="","",IFERROR(INDEX(Settings!$B$10:$B$21,MATCH(B4,Settings!$A$10:$A$21,0)),4)) | J4: =IF(OR(A4="",C4="",I4=""),"",I4*H4*C4/60)
F5: =IF(A5="","",WEEKNUM(A5,21)) | G5: =IF(OR(C5="",N(D5)=0),"",C5/D5) | H5: =IF(A5="","",IFERROR(INDEX(Weight!$B$2:$B$1000,MATCH(IF(_xlfn.MAXIFS(Weight!$A$2:$A$1000,Weight!$A$2:$A$1000,"<="&A5)>0,_xlfn.MAXIFS(Weight!$A$2:$A$1000,Weight!$A$2:$A$1000,"<="&A5),_xlfn.MINIFS(Weight!$A$2:$A$1000,Weight!$A$2:$A$1000,">0")),Weight!$A$2:$A$1000,0)),Settings!$B$6)) | I5: =IF(B5="","",IFERROR(INDEX(Settings!$B$10:$B$21,MATCH(B5,Settings!$A$10:$A$21,0)),4)) | J5: =IF(OR(A5="",C5="",I5=""),"",I5*H5*C5/60)
F6: =IF(A6="","",WEEKNUM(A6,21)) | G6: =IF(OR(C6="",N(D6)=0),"",C6/D6) | H6: =IF(A6="","",IFERROR(INDEX(Weight!$B$2:$B$1000,MATCH(IF(_xlfn.MAXIFS(Weight!$A$2:$A$1000,Weight!$A$2:$A$1000,"<="&A6)>0,_xlfn.MAXIFS(Weight!$A$2:$A$1000,Weight!$A$2:$A$1000,"<="&A6),_xlfn.MINIFS(Weight!$A$2:$A$1000,Weight!$A$2:$A$1000,">0")),Weight!$A$2:$A$1000,0)),Settings!$B$6)) | I6: =IF(B6="","",IFERROR(INDEX(Settings!$B$10:$B$21,MATCH(B6,Settings!$A$10:$A$21,0)),4)) | J6: =IF(OR(A6="",C6="",I6=""),"",I6*H6*C6/60)
F7: =IF(A7="","",WEEKNUM(A7,21)) | G7: =IF(OR(C7="",N(D7)=0),"",C7/D7) | H7: =IF(A7="","",IFERROR(INDEX(Weight!$B$2:$B$1000,MATCH(IF(_xlfn.MAXIFS(Weight!$A$2:$A$1000,Weight!$A$2:$A$1000,"<="&A7)>0,_xlfn.MAXIFS(Weight!$A$2:$A$1000,Weight!$A$2:$A$1000,"<="&A7),_xlfn.MINIFS(Weight!$A$2:$A$1000,Weight!$A$2:$A$1000,">0")),Weight!$A$2:$A$1000,0)),Settings!$B$6)) | I7: =IF(B7="","",IFERROR(INDEX(Settings!$B$10:$B$21,MATCH(B7,Settings!$A$10:$A$21,0)),4)) | J7: =IF(OR(A7="",C7="",I7=""),"",I7*H7*C7/60)
F8: =IF(A8="","",WEEKNUM(A8,21)) | G8: =IF(OR(C8="",N(D8)=0),"",C8/D8) | H8: =IF(A8="","",IFERROR(INDEX(Weight!$B$2:$B$1000,MATCH(IF(_xlfn.MAXIFS(Weight!$A$2:$A$1000,Weight!$A$2:$A$1000,"<="&A8)>0,_xlfn.MAXIFS(Weight!$A$2:$A$1000,Weight!$A$2:$A$1000,"<="&A8),_xlfn.MINIFS(Weight!$A$2:$A$1000,Weight!$A$2:$A$1000,">0")),Weight!$A$2:$A$1000,0)),Settings!$B$6)) | I8: =IF(B8="","",IFERROR(INDEX(Settings!$B$10:$B$21,MATCH(B8,Settings!$A$10:$A$21,0)),4)) | J8: =IF(OR(A8="",C8="",I8=""),"",I8*H8*C8/60)
F9: =IF(A9="","",WEEKNUM(A9,21)) | G9: =IF(OR(C9="",N(D9)=0),"",C9/D9) | H9: =IF(A9="","",IFERROR(INDEX(Weight!$B$2:$B$1000,MATCH(IF(_xlfn.MAXIFS(Weight!$A$2:$A$1000,Weight!$A$2:$A$1000,"<="&A9)>0,_xlfn.MAXIFS(Weight!$A$2:$A$1000,Weight!$A$2:$A$1000,"<="&A9),_xlfn.MINIFS(Weight!$A$2:$A$1000,Weight!$A$2:$A$1000,">0")),Weight!$A$2:$A$1000,0)),Settings!$B$6)) | I9: =IF(B9="","",IFERROR(INDEX(Settings!$B$10:$B$21,MATCH(B9,Settings!$A$10:$A$21,0)),4)) | J9: =IF(OR(A9="",C9="",I9=""),"",I9*H9*C9/60)
F10: =IF(A10="","",WEEKNUM(A10,21)) | G10: =IF(OR(C10="",N(D10)=0),"",C10/D10) | H10: =IF(A10="","",IFERROR(INDEX(Weight!$B$2:$B$1000,MATCH(IF(_xlfn.MAXIFS(Weight!$A$2:$A$1000,Weight!$A$2:$A$1000,"<="&A10)>0,_xlfn.MAXIFS(Weight!$A$2:$A$1000,Weight!$A$2:$A$1000,"<="&A10),_xlfn.MINIFS(Weight!$A$2:$A$1000,Weight!$A$2:$A$1000,">0")),Weight!$A$2:$A$1000,0)),Settings!$B$6)) | I10: =IF(B10="","",IFERROR(INDEX(Settings!$B$10:$B$21,MATCH(B10,Settings!$A$10:$A$21,0)),4)) | J10: =IF(OR(A10="",C10="",I10=""),"",I10*H10*C10/60)
F11: =IF(A11="","",WEEKNUM(A11,21)) | G11: =IF(OR(C11="",N(D11)=0),"",C11/D11) | H11: =IF(A11="","",IFERROR(INDEX(Weight!$B$2:$B$1000,MATCH(IF(_xlfn.MAXIFS(Weight!$A$2:$A$1000,Weight!$A$2:$A$1000,"<="&A11)>0,_xlfn.MAXIFS(Weight!$A$2:$A$1000,Weight!$A$2:$A$1000,"<="&A11),_xlfn.MINIFS(Weight!$A$2:$A$1000,Weight!$A$2:$A$1000,">0")),Weight!$A$2:$A$1000,0)),Settings!$B$6)) | I11: =IF(B11="","",IFERROR(INDEX(Settings!$B$10:$B$21,MATCH(B11,Settings!$A$10:$A$21,0)),4)) | J11: =IF(OR(A11="",C11="",I11=""),"",I11*H11*C11/60)
F12: =IF(A12="","",WEEKNUM(A12,21)) | G12: =IF(OR(C12="",N(D12)=0),"",C12/D12) | H12: =IF(A12="","",IFERROR(INDEX(Weight!$B$2:$B$1000,MATCH(IF(_xlfn.MAXIFS(Weight!$A$2:$A$1000,Weight!$A$2:$A$1000,"<="&A12)>0,_xlfn.MAXIFS(Weight!$A$2:$A$1000,Weight!$A$2:$A$1000,"<="&A12),_xlfn.MINIFS(Weight!$A$2:$A$1000,Weight!$A$2:$A$1000,">0")),Weight!$A$2:$A$1000,0)),Settings!$B$6)) | I12: =IF(B12="","",IFERROR(INDEX(Settings!$B$10:$B$21,MATCH(B12,Settings!$A$10:$A$21,0)),4)) | J12: =IF(OR(A12="",C12="",I12=""),"",I12*H12*C12/60)
F13: =IF(A13="","",WEEKNUM(A13,21)) | G13: =IF(OR(C13="",N(D13)=0),"",C13/D13) | H13: =IF(A13="","",IFERROR(INDEX(Weight!$B$2:$B$1000,MATCH(IF(_xlfn.MAXIFS(Weight!$A$2:$A$1000,Weight!$A$2:$A$1000,"<="&A13)>0,_xlfn.MAXIFS(Weight!$A$2:$A$1000,Weight!$A$2:$A$1000,"<="&A13),_xlfn.MINIFS(Weight!$A$2:$A$1000,Weight!$A$2:$A$1000,">0")),Weight!$A$2:$A$1000,0)),Settings!$B$6)) | I13: =IF(B13="","",IFERROR(INDEX(Settings!$B$10:$B$21,MATCH(B13,Settings!$A$10:$A$21,0)),4)) | J13: =IF(OR(A13="",C13="",I13=""),"",I13*H13*C13/60)
F14: =IF(A14="","",WEEKNUM(A14,21)) | G14: =IF(OR(C14="",N(D14)=0),"",C14/D14) | H14: =IF(A14="","",IFERROR(INDEX(Weight!$B$2:$B$1000,MATCH(IF(_xlfn.MAXIFS(Weight!$A$2:$A$1000,Weight!$A$2:$A$1000,"<="&A14)>0,_xlfn.MAXIFS(Weight!$A$2:$A$1000,Weight!$A$2:$A$1000,"<="&A14),_xlfn.MINIFS(Weight!$A$2:$A$1000,Weight!$A$2:$A$1000,">0")),Weight!$A$2:$A$1000,0)),Settings!$B$6)) | I14: =IF(B14="","",IFERROR(INDEX(Settings!$B$10:$B$21,MATCH(B14,Settings!$A$10:$A$21,0)),4)) | J14: =IF(OR(A14="",C14="",I14=""),"",I14*H14*C14/60)
... F1000: =IF(A1000="","",WEEKNUM(A1000,21)) | G1000: =IF(OR(C1000="",N(D1000)=0),"",C1000/D1000) | H1000: =IF(A1000="","",IFERROR(INDEX(Weight!$B$2:$B$1000,MATCH(IF(_xlfn.MAXIFS(Weight!$A$2:$A$1000,Weight!$A$2:$A$1000,"<="&A1000)>0,_xlfn.MAXIFS(Weight!$A$2:$A$1000,Weight!$A$2:$A$1000,"<="&A1000),_xlfn.MINIFS(Weight!$A$2:$A$1000,Weight!$A$2:$A$1000,">0")),Weight!$A$2:$A$1000,0)),Settings!$B$6)) | I1000: =IF(B1000="","",IFERROR(INDEX(Settings!$B$10:$B$21,MATCH(B1000,Settings!$A$10:$A$21,0)),4)) | J1000: =IF(OR(A1000="",C1000="",I1000=""),"",I1000*H1000*C1000/60)
